Date,Daily_Mean_PM2.5_Concentration
1/1/2005,18.4
1/1/2005,18
1/1/2005,18.5
1/1/2005,15.6
1/1/2005,17.1
1/1/2005,18.6
1/1/2005,18.5
1/1/2005,21
1/1/2005,20
1/1/2005,17.5
1/1/2005,19.1
1/1/2005,15.9
1/1/2005,20
1/1/2005,16
1/2/2005,8.8
1/2/2005,6.2
1/3/2005,25.2
1/3/2005,22.5
1/4/2005,10.7
1/4/2005,8
1/4/2005,13.7
1/4/2005,10.7
1/4/2005,11.7
1/4/2005,13.4
1/4/2005,14
1/4/2005,12.5
1/4/2005,12.2
1/4/2005,14.9
1/4/2005,10.1
1/4/2005,14.5
1/4/2005,8.9
1/5/2005,11.7
1/5/2005,8.8
1/6/2005,11.8
1/6/2005,7.5
1/7/2005,11.2
1/7/2005,9.7
1/7/2005,10.7
1/7/2005,9.4
1/7/2005,10.5
1/7/2005,11.4
1/7/2005,11.5
1/7/2005,14.5
1/7/2005,14
1/7/2005,11.5
1/7/2005,11.9
1/7/2005,9.5
1/7/2005,13.3
1/7/2005,10.2
1/7/2005,11.1
1/8/2005,17.2
1/8/2005,13.2
1/9/2005,14.5
1/9/2005,12.6
1/10/2005,19.7
1/10/2005,16
1/10/2005,16.6
1/10/2005,16.1
1/10/2005,17.5
1/10/2005,16.4
1/10/2005,17.1
1/10/2005,20.6
1/10/2005,20.2
1/10/2005,17.5
1/10/2005,19.6
1/10/2005,16.6
1/10/2005,18.4
1/10/2005,14.7
1/10/2005,14.6
1/11/2005,13.7
1/11/2005,12.4
1/12/2005,11.1
1/12/2005,9.3
1/13/2005,25.1
1/13/2005,17.2
1/13/2005,19.2
1/13/2005,19.7
1/13/2005,21.8
1/13/2005,20.9
1/13/2005,26.4
1/13/2005,27.1
1/13/2005,25.7
1/13/2005,28.2
1/13/2005,23.4
1/13/2005,16.4
1/13/2005,13.1
1/14/2005,6.6
1/14/2005,5.4
1/15/2005,11
1/15/2005,7.8
1/16/2005,14.6
1/16/2005,10
1/16/2005,9.6
1/16/2005,11.6
1/16/2005,11
1/16/2005,11.8
1/16/2005,11
1/16/2005,13.3
1/16/2005,13.1
1/16/2005,10.9
1/16/2005,8
1/16/2005,9
1/17/2005,10.1
1/17/2005,8.4
1/18/2005,7.4
1/18/2005,6.1
1/19/2005,24.8
1/19/2005,17.2
1/19/2005,16.8
1/19/2005,19
1/19/2005,19
1/19/2005,21.3
1/19/2005,18.4
1/19/2005,22.4
1/19/2005,22
1/19/2005,16.5
1/19/2005,16.9
1/19/2005,18.4
1/19/2005,19.9
1/19/2005,14.1
1/19/2005,16.1
1/20/2005,15.8
1/20/2005,14.5
1/21/2005,8.1
1/21/2005,6.8
1/22/2005,20.8
1/22/2005,12.8
1/22/2005,15.8
1/22/2005,14
1/22/2005,13.6
1/22/2005,15.6
1/22/2005,14.9
1/22/2005,18.2
1/22/2005,17
1/22/2005,17.7
1/22/2005,17.9
1/22/2005,12.7
1/22/2005,12.2
1/23/2005,9
1/23/2005,6.3
1/24/2005,12
1/24/2005,12.2
1/25/2005,18
1/25/2005,15.2
1/25/2005,16.3
1/25/2005,16.3
1/25/2005,16.7
1/25/2005,17.5
1/25/2005,20.6
1/25/2005,20.1
1/25/2005,19.5
1/25/2005,19.7
1/25/2005,15.8
1/25/2005,19.4
1/25/2005,15.1
1/25/2005,16.6
1/26/2005,29.3
1/26/2005,22.3
1/27/2005,9.9
1/27/2005,8
1/28/2005,15.5
1/28/2005,11
1/28/2005,12
1/28/2005,15.1
1/28/2005,15.8
1/28/2005,16.8
1/28/2005,18.7
1/28/2005,16.8
1/28/2005,17.4
1/28/2005,14.9
1/28/2005,14.5
1/28/2005,13.2
1/28/2005,11.5
1/29/2005,24.9
1/29/2005,25.2
1/30/2005,22.2
1/30/2005,21.9
1/31/2005,19
1/31/2005,16.8
1/31/2005,17.3
1/31/2005,17
1/31/2005,18.1
1/31/2005,19.2
1/31/2005,21.8
1/31/2005,20.3
1/31/2005,20
1/31/2005,20.4
1/31/2005,20.6
1/31/2005,15.8
1/31/2005,13.9
2/1/2005,40.5
2/1/2005,35.1
2/2/2005,24.7
2/2/2005,23
2/3/2005,20.4
2/3/2005,14.3
2/3/2005,15.5
2/3/2005,16.7
2/3/2005,16.3
2/3/2005,18.2
2/3/2005,17.8
2/3/2005,21.8
2/3/2005,20.9
2/3/2005,19.2
2/3/2005,20.4
2/3/2005,15.4
2/3/2005,23.7
2/3/2005,14.7
2/3/2005,16.4
2/4/2005,14
2/4/2005,11.7
2/5/2005,15.3
2/5/2005,15.7
2/6/2005,23.1
2/6/2005,18.5
2/6/2005,19.2
2/6/2005,18.5
2/6/2005,18.9
2/6/2005,20.7
2/6/2005,19
2/6/2005,18.2
2/6/2005,19.5
2/6/2005,20.4
2/6/2005,17.1
2/6/2005,19.6
2/6/2005,16.4
2/7/2005,23
2/7/2005,22.5
2/8/2005,44.4
2/8/2005,27.1
2/9/2005,36.7
2/9/2005,30.1
2/9/2005,32.1
2/9/2005,34.9
2/9/2005,33.4
2/9/2005,36.3
2/9/2005,34.5
2/9/2005,34.5
2/9/2005,32.1
2/9/2005,32.7
2/9/2005,31.9
2/9/2005,29.6
2/9/2005,34.5
2/9/2005,33
2/9/2005,35.8
2/10/2005,15.8
2/10/2005,14.5
2/11/2005,4
2/11/2005,3.1
2/12/2005,18.7
2/12/2005,16.9
2/12/2005,16.4
2/12/2005,15.7
2/12/2005,16.8
2/12/2005,17
2/12/2005,17.4
2/12/2005,20.4
2/12/2005,19.7
2/12/2005,18.4
2/12/2005,19.6
2/12/2005,15.6
2/12/2005,21.8
2/12/2005,15.7
2/12/2005,14.8
2/13/2005,7.8
2/13/2005,6.6
2/14/2005,11.7
2/14/2005,7.7
2/15/2005,17
2/15/2005,12.4
2/15/2005,13.2
2/15/2005,12.9
2/15/2005,13.1
2/15/2005,14.2
2/15/2005,13.9
2/15/2005,15.5
2/15/2005,15.2
2/15/2005,13.2
2/15/2005,12.9
2/15/2005,12.3
2/15/2005,14.9
2/15/2005,11.7
2/15/2005,12.9
2/16/2005,19.7
2/16/2005,15.6
2/17/2005,9.9
2/17/2005,9.3
2/18/2005,7.8
2/18/2005,8
2/18/2005,6.9
2/18/2005,7.6
2/18/2005,7.8
2/18/2005,7.7
2/18/2005,11
2/18/2005,10.8
2/18/2005,8
2/18/2005,9.1
2/18/2005,7.8
2/18/2005,10
2/18/2005,6.2
2/18/2005,6.9
2/19/2005,10.5
2/19/2005,8.7
2/20/2005,15.3
2/20/2005,12.1
2/21/2005,16.1
2/21/2005,8.5
2/21/2005,10.7
2/21/2005,11.8
2/21/2005,12.4
2/21/2005,12
2/21/2005,14.5
2/21/2005,14.3
2/21/2005,14.7
2/21/2005,14.9
2/21/2005,10.7
2/21/2005,13
2/21/2005,8.2
2/22/2005,16.5
2/22/2005,15.9
2/23/2005,10.8
2/23/2005,9.6
2/24/2005,11.4
2/24/2005,6.3
2/24/2005,7.2
2/24/2005,7.5
2/24/2005,8.5
2/24/2005,8.9
2/24/2005,8.9
2/24/2005,11.6
2/24/2005,12
2/24/2005,11.3
2/24/2005,11.8
2/24/2005,8.6
2/24/2005,16.5
2/24/2005,6
2/24/2005,6.5
2/25/2005,12.1
2/25/2005,11.3
2/26/2005,21.8
2/26/2005,20.1
2/27/2005,11.1
2/27/2005,10.3
2/27/2005,11.4
2/27/2005,9.9
2/27/2005,11.5
2/27/2005,11.8
2/27/2005,10.4
2/27/2005,12.7
2/27/2005,12.3
2/27/2005,11.2
2/27/2005,11.3
2/27/2005,9.3
2/27/2005,11.9
2/27/2005,11.3
2/27/2005,13.3
2/28/2005,14
2/28/2005,12.4
3/1/2005,15.8
3/1/2005,14
3/2/2005,7.8
3/2/2005,9.1
3/2/2005,6.8
3/2/2005,7.4
3/2/2005,8.3
3/2/2005,11.2
3/2/2005,13.7
3/2/2005,13.6
3/2/2005,7.7
3/2/2005,9.6
3/2/2005,7.6
3/2/2005,10.9
3/2/2005,6.7
3/2/2005,7
3/3/2005,5.5
3/3/2005,4.3
3/4/2005,11
3/4/2005,11
3/5/2005,12.3
3/5/2005,12
3/5/2005,12.9
3/5/2005,11.3
3/5/2005,12.6
3/5/2005,14.2
3/5/2005,10.9
3/5/2005,13.3
3/5/2005,14.2
3/5/2005,12.3
3/5/2005,13.9
3/5/2005,12.8
3/5/2005,14.4
3/5/2005,12.1
3/5/2005,12.9
3/6/2005,17.7
3/6/2005,16.3
3/7/2005,24.3
3/7/2005,22.4
3/8/2005,17
3/8/2005,16
3/8/2005,16.8
3/8/2005,18.2
3/8/2005,18.8
3/8/2005,20.4
3/8/2005,15.5
3/8/2005,17.5
3/8/2005,17.8
3/8/2005,11.9
3/8/2005,12
3/8/2005,15.9
3/8/2005,14.5
3/8/2005,13.6
3/8/2005,15.6
3/9/2005,6.2
3/9/2005,5
3/10/2005,8.4
3/10/2005,8.4
3/11/2005,30
3/11/2005,18.8
3/11/2005,18.6
3/11/2005,24.4
3/11/2005,24.7
3/11/2005,24.9
3/11/2005,24.7
3/11/2005,31.3
3/11/2005,30.3
3/11/2005,30
3/11/2005,29.9
3/11/2005,25
3/11/2005,31
3/11/2005,19.6
3/12/2005,18.6
3/12/2005,16.7
3/13/2005,14.9
3/13/2005,14.5
3/14/2005,10.3
3/14/2005,7.8
3/14/2005,9.4
3/14/2005,7.8
3/14/2005,7.9
3/14/2005,9.5
3/14/2005,8.6
3/14/2005,10.7
3/14/2005,10.3
3/14/2005,9.3
3/14/2005,10.6
3/14/2005,7.3
3/14/2005,9.3
3/14/2005,7.8
3/14/2005,8.5
3/15/2005,9.5
3/15/2005,9.4
3/16/2005,13.8
3/16/2005,14.4
3/17/2005,18.2
3/17/2005,14.5
3/17/2005,15.2
3/17/2005,15.3
3/17/2005,16.5
3/17/2005,18.1
3/17/2005,17.5
3/17/2005,20.5
3/17/2005,20.5
3/17/2005,18.9
3/17/2005,20.3
3/17/2005,15.7
3/17/2005,19.5
3/17/2005,12
3/17/2005,12.8
3/18/2005,18.9
3/18/2005,19
3/19/2005,14.6
3/19/2005,13.8
3/20/2005,34.3
3/20/2005,27.9
3/20/2005,24.5
3/20/2005,29.2
3/20/2005,31.4
3/20/2005,30.9
3/20/2005,26.9
3/20/2005,32
3/20/2005,32.6
3/20/2005,29.5
3/20/2005,25.9
3/20/2005,28.7
3/20/2005,28.7
3/20/2005,24.6
3/20/2005,24.3
3/21/2005,22.4
3/21/2005,22.2
3/22/2005,12.6
3/23/2005,23.5
3/23/2005,17.3
3/23/2005,19.1
3/23/2005,18.9
3/23/2005,19.3
3/23/2005,21.4
3/23/2005,22.2
3/23/2005,22.9
3/23/2005,21.5
3/23/2005,24.6
3/23/2005,19.3
3/23/2005,24.7
3/23/2005,17.8
3/23/2005,18
3/24/2005,8.1
3/24/2005,8.4
3/25/2005,14.1
3/25/2005,16
3/26/2005,17.4
3/26/2005,9.9
3/26/2005,10.9
3/26/2005,11
3/26/2005,11.5
3/26/2005,12.6
3/26/2005,12
3/26/2005,16
3/26/2005,15.2
3/26/2005,7.5
3/26/2005,11.9
3/26/2005,11.5
3/26/2005,9.7
3/27/2005,10.4
3/27/2005,7.7
3/28/2005,8.6
3/28/2005,5.8
3/29/2005,5.2
3/29/2005,4
3/29/2005,3.7
3/29/2005,5.4
3/29/2005,6.1
3/29/2005,6.8
3/29/2005,6.3
3/29/2005,6
3/29/2005,5.1
3/29/2005,7.7
3/29/2005,3.8
3/29/2005,4.5
3/30/2005,9.6
3/30/2005,9.2
3/31/2005,11.8
3/31/2005,9.1
4/1/2005,26.1
4/1/2005,18.6
4/1/2005,17.1
4/1/2005,21.9
4/1/2005,21.5
4/1/2005,22.5
4/1/2005,21.7
4/1/2005,28.5
4/1/2005,27
4/1/2005,27.7
4/1/2005,27.6
4/1/2005,21.6
4/1/2005,26.1
4/1/2005,13.3
4/1/2005,14.3
4/2/2005,6.3
4/2/2005,5.5
4/3/2005,6
4/3/2005,5.1
4/4/2005,6.2
4/4/2005,5.2
4/4/2005,5.3
4/4/2005,4.3
4/4/2005,5
4/4/2005,6
4/4/2005,6.1
4/4/2005,6.1
4/4/2005,7.3
4/4/2005,5
4/4/2005,5.4
4/4/2005,6
4/4/2005,5.8
4/5/2005,6.4
4/5/2005,8.7
4/6/2005,21.6
4/7/2005,23.9
4/7/2005,18.1
4/7/2005,25.1
4/7/2005,24.4
4/7/2005,23.4
4/7/2005,26.2
4/7/2005,22.8
4/7/2005,24.3
4/7/2005,22.5
4/7/2005,25.5
4/7/2005,21.5
4/7/2005,21.5
4/7/2005,20.9
4/7/2005,23.4
4/8/2005,9.7
4/8/2005,8.4
4/9/2005,6.9
4/9/2005,6
4/10/2005,17.1
4/10/2005,14.5
4/10/2005,14.9
4/10/2005,13.8
4/10/2005,15.1
4/10/2005,17.2
4/10/2005,13.8
4/10/2005,15.6
4/10/2005,15.4
4/10/2005,13.7
4/10/2005,16.3
4/10/2005,13.9
4/10/2005,14.7
4/10/2005,15.7
4/10/2005,17.3
4/11/2005,7.5
4/11/2005,3.5
4/12/2005,6
4/12/2005,4.8
4/13/2005,10.1
4/13/2005,8
4/13/2005,7.5
4/13/2005,7.4
4/13/2005,7.4
4/13/2005,9.1
4/13/2005,8.3
4/13/2005,10.1
4/13/2005,10.3
4/13/2005,8.6
4/13/2005,10
4/13/2005,8.4
4/13/2005,10
4/13/2005,6.1
4/13/2005,7.7
4/14/2005,6.9
4/14/2005,5.3
4/15/2005,5.9
4/15/2005,4.5
4/16/2005,9.5
4/16/2005,5.9
4/16/2005,8
4/16/2005,5
4/16/2005,6.3
4/16/2005,6.6
4/16/2005,5.9
4/16/2005,8.6
4/16/2005,8.4
4/16/2005,6.8
4/16/2005,7
4/16/2005,5
4/16/2005,5.9
4/16/2005,5.4
4/16/2005,5.4
4/17/2005,11.3
4/17/2005,10.9
4/18/2005,17.4
4/18/2005,17.7
4/19/2005,32
4/19/2005,24.8
4/19/2005,26.5
4/19/2005,26.6
4/19/2005,28.5
4/19/2005,29.9
4/19/2005,32
4/19/2005,33.6
4/19/2005,32.3
4/19/2005,31.5
4/19/2005,34.5
4/19/2005,27.9
4/19/2005,32.4
4/19/2005,25.7
4/19/2005,27.6
4/20/2005,28.5
4/20/2005,30
4/21/2005,6.2
4/21/2005,6.1
4/22/2005,10
4/22/2005,7.4
4/22/2005,8.5
4/22/2005,7.7
4/22/2005,7.8
4/22/2005,9.3
4/22/2005,8
4/22/2005,10
4/22/2005,9.5
4/22/2005,8.3
4/22/2005,8.9
4/22/2005,6.9
4/22/2005,7.9
4/22/2005,5.6
4/22/2005,7
4/23/2005,11.6
4/23/2005,10.3
4/24/2005,8.4
4/24/2005,6.9
4/25/2005,8
4/25/2005,7.5
4/25/2005,7.4
4/25/2005,6.7
4/25/2005,7.4
4/25/2005,8
4/25/2005,7
4/25/2005,10.5
4/25/2005,10.5
4/25/2005,6.8
4/25/2005,9
4/25/2005,6.8
4/25/2005,8.3
4/25/2005,5.8
4/25/2005,6.3
4/26/2005,12.8
4/26/2005,10.6
4/27/2005,15.8
4/27/2005,13.7
4/28/2005,9.1
4/28/2005,8.2
4/28/2005,8.4
4/28/2005,7.6
4/28/2005,8.4
4/28/2005,9.1
4/28/2005,8.9
4/28/2005,12.4
4/28/2005,11.7
4/28/2005,9.4
4/28/2005,11.4
4/28/2005,7.7
4/28/2005,10.3
4/28/2005,7.5
4/28/2005,9.3
4/29/2005,9.8
4/29/2005,8.9
4/30/2005,19
4/30/2005,13.9
5/1/2005,6.2
5/1/2005,11.7
5/1/2005,12
5/1/2005,12.3
5/1/2005,13.7
5/1/2005,12.6
5/1/2005,16.2
5/1/2005,14.2
5/1/2005,14
5/1/2005,16.3
5/1/2005,7.2
5/1/2005,14.2
5/1/2005,9.9
5/1/2005,10.7
5/2/2005,12.6
5/2/2005,13.2
5/3/2005,10.5
5/3/2005,12.2
5/4/2005,19.4
5/4/2005,10.6
5/4/2005,12.3
5/4/2005,11
5/4/2005,10.6
5/4/2005,10.8
5/4/2005,11.7
5/4/2005,12.6
5/4/2005,13.1
5/4/2005,12.1
5/4/2005,12.5
5/4/2005,21.7
5/4/2005,12.8
5/4/2005,13.2
5/4/2005,14
5/5/2005,10.6
5/5/2005,10
5/6/2005,12.3
5/6/2005,11.1
5/7/2005,11
5/7/2005,6.2
5/7/2005,7.6
5/7/2005,5.9
5/7/2005,6.4
5/7/2005,6.9
5/7/2005,6.9
5/7/2005,7.5
5/7/2005,7.6
5/7/2005,7.7
5/7/2005,10
5/7/2005,6.6
5/7/2005,8.6
5/7/2005,5.5
5/7/2005,6.2
5/8/2005,3.8
5/8/2005,3.8
5/9/2005,5.8
5/9/2005,4.8
5/10/2005,13.3
5/10/2005,10.7
5/10/2005,13.2
5/10/2005,10.7
5/10/2005,12.1
5/10/2005,13.8
5/10/2005,10.7
5/10/2005,14.5
5/10/2005,13.6
5/10/2005,11.2
5/10/2005,14
5/10/2005,10.8
5/10/2005,10.5
5/10/2005,8.4
5/10/2005,9.6
5/11/2005,16.3
5/11/2005,10.3
5/12/2005,6.8
5/12/2005,6.1
5/13/2005,7.1
5/13/2005,5.5
5/13/2005,8.6
5/13/2005,5
5/13/2005,5.8
5/13/2005,6.5
5/13/2005,11
5/13/2005,7.9
5/13/2005,6.5
5/13/2005,8.7
5/13/2005,5.8
5/13/2005,7.1
5/13/2005,4.3
5/14/2005,11.4
5/14/2005,8.8
5/15/2005,13
5/15/2005,13.7
5/16/2005,14.8
5/16/2005,13.5
5/16/2005,15.9
5/16/2005,15
5/16/2005,14.9
5/16/2005,17.9
5/16/2005,15.9
5/16/2005,16.8
5/16/2005,10
5/16/2005,14.4
5/16/2005,15.9
5/16/2005,13.8
5/16/2005,15.3
5/16/2005,16.2
5/17/2005,7
5/17/2005,7
5/18/2005,8.7
5/18/2005,8.4
5/19/2005,10
5/19/2005,8.1
5/19/2005,9.9
5/19/2005,8.8
5/19/2005,9.5
5/19/2005,9.2
5/19/2005,9.7
5/19/2005,10.6
5/19/2005,10.4
5/19/2005,8.9
5/19/2005,9.4
5/19/2005,9
5/19/2005,10.3
5/19/2005,8.8
5/19/2005,8
5/20/2005,8
5/20/2005,6.8
5/21/2005,8.5
5/21/2005,7.3
5/22/2005,7.8
5/22/2005,7.5
5/22/2005,10.3
5/22/2005,7.1
5/22/2005,8
5/22/2005,9
5/22/2005,7.8
5/22/2005,7.9
5/22/2005,8.2
5/22/2005,8
5/22/2005,8.8
5/22/2005,7.1
5/22/2005,8.7
5/22/2005,6.7
5/22/2005,6.6
5/23/2005,6.1
5/24/2005,3.9
5/24/2005,3.5
5/25/2005,4.5
5/25/2005,3.9
5/25/2005,3.6
5/25/2005,3.4
5/25/2005,3.3
5/25/2005,3.2
5/25/2005,4.1
5/25/2005,4.4
5/25/2005,3.8
5/25/2005,4.4
5/25/2005,5.6
5/25/2005,3.6
5/25/2005,4.8
5/25/2005,2.3
5/25/2005,1.8
5/26/2005,4.3
5/26/2005,3.5
5/27/2005,9.2
5/27/2005,9.1
5/28/2005,12.8
5/28/2005,11.9
5/28/2005,13.5
5/28/2005,12
5/28/2005,12.3
5/28/2005,13.5
5/28/2005,14.1
5/28/2005,13.9
5/28/2005,14.2
5/28/2005,14.4
5/28/2005,12.5
5/28/2005,14.3
5/28/2005,12.8
5/28/2005,12.9
5/29/2005,6.5
5/29/2005,6.4
5/30/2005,6.9
5/30/2005,7.6
5/31/2005,11.1
5/31/2005,8.5
5/31/2005,10.3
5/31/2005,9.6
5/31/2005,9.9
5/31/2005,11.2
5/31/2005,11.1
5/31/2005,11.9
5/31/2005,11.8
5/31/2005,11
5/31/2005,11.1
5/31/2005,10
5/31/2005,10.9
5/31/2005,8.7
5/31/2005,10.7
6/1/2005,17.1
6/1/2005,14.7
6/2/2005,15.1
6/2/2005,11.8
6/3/2005,11.9
6/3/2005,9.2
6/3/2005,10.9
6/3/2005,10.6
6/3/2005,10.5
6/3/2005,11.3
6/3/2005,10.5
6/3/2005,12.5
6/3/2005,12.2
6/3/2005,10.9
6/3/2005,12.2
6/3/2005,10.8
6/3/2005,11.4
6/3/2005,7.3
6/4/2005,8
6/4/2005,7.9
6/5/2005,12.6
6/5/2005,14.6
6/6/2005,33.6
6/6/2005,28.8
6/6/2005,26.6
6/6/2005,32.7
6/6/2005,33.5
6/6/2005,31.3
6/6/2005,29.7
6/6/2005,31.3
6/6/2005,31.1
6/6/2005,29.1
6/6/2005,29
6/6/2005,30.6
6/6/2005,29.2
6/6/2005,28.4
6/6/2005,29.1
6/7/2005,18.2
6/7/2005,15.6
6/8/2005,19.4
6/8/2005,23.9
6/9/2005,26.6
6/9/2005,22.8
6/9/2005,28.6
6/9/2005,23.5
6/9/2005,24.9
6/9/2005,24.3
6/9/2005,23.4
6/9/2005,24.5
6/9/2005,23.4
6/9/2005,23.9
6/9/2005,22.7
6/9/2005,23.1
6/9/2005,22.7
6/9/2005,22.2
6/9/2005,23.1
6/10/2005,15.3
6/10/2005,12.5
6/11/2005,21.5
6/11/2005,19.3
6/12/2005,19.8
6/12/2005,19.4
6/12/2005,21
6/12/2005,18.6
6/12/2005,19.2
6/12/2005,10.7
6/12/2005,17.4
6/12/2005,20
6/12/2005,18.9
6/12/2005,17.3
6/12/2005,17.1
6/12/2005,19.5
6/12/2005,18.4
6/12/2005,16.3
6/12/2005,16.9
6/13/2005,19.4
6/13/2005,19.1
6/14/2005,15.2
6/14/2005,16.4
6/15/2005,21.6
6/15/2005,19.3
6/15/2005,22.8
6/15/2005,21.8
6/15/2005,21.7
6/15/2005,23.5
6/15/2005,24
6/15/2005,26.4
6/15/2005,23
6/15/2005,25.9
6/15/2005,29.2
6/15/2005,21.5
6/15/2005,23.7
6/15/2005,19.3
6/15/2005,20.9
6/16/2005,12.8
6/16/2005,10.4
6/17/2005,5.6
6/17/2005,6.3
6/18/2005,4.3
6/18/2005,3.8
6/18/2005,6.2
6/18/2005,3.8
6/18/2005,4.1
6/18/2005,4.3
6/18/2005,4.8
6/18/2005,6.4
6/18/2005,4.6
6/18/2005,5
6/18/2005,6
6/18/2005,4.3
6/18/2005,5.3
6/18/2005,4.3
6/18/2005,4.4
6/19/2005,6
6/19/2005,5.6
6/20/2005,6.8
6/20/2005,5.6
6/21/2005,20.8
6/21/2005,20
6/21/2005,21
6/21/2005,18.9
6/21/2005,20.9
6/21/2005,21.5
6/21/2005,21.1
6/21/2005,22.5
6/21/2005,18.7
6/21/2005,20.6
6/21/2005,19.3
6/21/2005,21
6/21/2005,19.2
6/22/2005,21.6
6/23/2005,7.2
6/23/2005,7
6/24/2005,21.5
6/24/2005,19
6/24/2005,21.5
6/24/2005,18.5
6/24/2005,19.6
6/24/2005,20.3
6/24/2005,18.6
6/24/2005,22.2
6/24/2005,21
6/24/2005,20.3
6/24/2005,19.2
6/24/2005,20.8
6/24/2005,21.3
6/24/2005,15.4
6/25/2005,25.5
6/26/2005,28.9
6/27/2005,13.7
6/27/2005,8.8
6/27/2005,11.6
6/27/2005,12.8
6/27/2005,12
6/27/2005,14.1
6/27/2005,11.3
6/27/2005,13.4
6/27/2005,13.8
6/27/2005,10.8
6/27/2005,15.9
6/27/2005,11.2
6/27/2005,10.4
6/27/2005,7.1
6/28/2005,16.2
6/28/2005,14.9
6/29/2005,12.7
6/29/2005,9.3
6/30/2005,14.5
6/30/2005,11.1
6/30/2005,12.1
6/30/2005,12.1
6/30/2005,14.3
6/30/2005,12.4
6/30/2005,14.6
6/30/2005,14.3
6/30/2005,14.5
6/30/2005,15.6
6/30/2005,12.5
6/30/2005,13.3
6/30/2005,10
7/1/2005,17.6
7/1/2005,13.5
7/2/2005,11.5
7/2/2005,11.4
7/3/2005,8.5
7/3/2005,6
7/3/2005,7
7/3/2005,6.2
7/3/2005,7.7
7/3/2005,7.3
7/3/2005,7.2
7/3/2005,8.4
7/3/2005,8.6
7/3/2005,7.1
7/3/2005,7.6
7/3/2005,8
7/3/2005,6.5
7/3/2005,7.1
7/4/2005,13.4
7/4/2005,9.7
7/5/2005,18.7
7/5/2005,14.2
7/6/2005,20.9
7/6/2005,18.2
7/6/2005,17.5
7/6/2005,19.2
7/6/2005,18.8
7/6/2005,19.1
7/6/2005,20.7
7/6/2005,22.4
7/6/2005,23
7/6/2005,21.8
7/6/2005,23.7
7/6/2005,22.2
7/6/2005,22.2
7/6/2005,15.6
7/7/2005,7.2
7/7/2005,6.9
7/8/2005,5.5
7/8/2005,4.2
7/9/2005,5.9
7/9/2005,5.5
7/9/2005,6.9
7/9/2005,4.8
7/9/2005,5
7/9/2005,4.6
7/9/2005,6
7/9/2005,6.7
7/9/2005,6.1
7/9/2005,4.8
7/9/2005,7.1
7/9/2005,10
7/9/2005,4.8
7/10/2005,9.9
7/10/2005,12
7/11/2005,16.2
7/11/2005,17
7/12/2005,20.5
7/12/2005,18.4
7/12/2005,20.1
7/12/2005,18.7
7/12/2005,18.7
7/12/2005,19.6
7/12/2005,19.4
7/12/2005,21.2
7/12/2005,22.5
7/12/2005,20.6
7/12/2005,19.1
7/12/2005,18.8
7/12/2005,17.5
7/12/2005,16.5
7/13/2005,16.4
7/13/2005,12.7
7/14/2005,18.2
7/14/2005,12.8
7/15/2005,18.7
7/15/2005,17.5
7/15/2005,18.5
7/15/2005,17.2
7/15/2005,17.8
7/15/2005,16.7
7/15/2005,18.8
7/15/2005,17.1
7/15/2005,18.7
7/15/2005,17.1
7/15/2005,17.2
7/15/2005,13.1
7/15/2005,14.5
7/16/2005,12.2
7/16/2005,8.2
7/17/2005,16.5
7/17/2005,13.3
7/18/2005,37.7
7/18/2005,33.6
7/18/2005,36.2
7/18/2005,37.2
7/18/2005,38
7/18/2005,43.2
7/18/2005,38.1
7/18/2005,41.6
7/18/2005,41.2
7/18/2005,39.5
7/18/2005,36.6
7/18/2005,38.5
7/18/2005,34.7
7/18/2005,35.6
7/19/2005,40.2
7/19/2005,40.1
7/20/2005,15.9
7/20/2005,17.3
7/21/2005,17.8
7/21/2005,16.5
7/21/2005,17.2
7/21/2005,18
7/21/2005,17.4
7/21/2005,18.3
7/21/2005,19.3
7/21/2005,20
7/21/2005,19.9
7/21/2005,19.3
7/21/2005,17.3
7/21/2005,20.4
7/21/2005,20.5
7/22/2005,18.8
7/22/2005,21.1
7/23/2005,9.5
7/23/2005,8.3
7/24/2005,12.5
7/24/2005,11.6
7/24/2005,13.3
7/24/2005,11.2
7/24/2005,11.8
7/24/2005,12.1
7/24/2005,12.1
7/24/2005,12.9
7/24/2005,12.2
7/24/2005,11.9
7/24/2005,13.3
7/24/2005,10.9
7/24/2005,13
7/24/2005,11.4
7/24/2005,11.7
7/25/2005,23.9
7/25/2005,23
7/26/2005,35.9
7/26/2005,39.9
7/27/2005,29.2
7/27/2005,28.9
7/27/2005,29.6
7/27/2005,29
7/27/2005,29.6
7/27/2005,31.1
7/27/2005,32.8
7/27/2005,33.8
7/27/2005,32.5
7/27/2005,34.4
7/27/2005,32.1
7/27/2005,28.4
7/27/2005,31
7/27/2005,35.8
7/27/2005,35.8
7/28/2005,7.4
7/28/2005,6.9
7/29/2005,16.2
7/29/2005,15.4
7/30/2005,21.8
7/30/2005,20.8
7/30/2005,20.9
7/30/2005,20.7
7/30/2005,22.4
7/30/2005,22.7
7/30/2005,23.1
7/30/2005,24
7/30/2005,23.7
7/30/2005,22.7
7/30/2005,22.7
7/30/2005,21.5
7/30/2005,22.9
7/30/2005,20.2
7/30/2005,20.7
7/31/2005,15.8
7/31/2005,12.8
8/1/2005,24.2
8/1/2005,18.1
8/2/2005,27.8
8/2/2005,27.4
8/2/2005,27.1
8/2/2005,27.4
8/2/2005,27.8
8/2/2005,27.6
8/2/2005,27.5
8/2/2005,27.6
8/2/2005,27.4
8/2/2005,25.9
8/2/2005,27.8
8/2/2005,27.3
8/2/2005,26.4
8/2/2005,27.9
8/2/2005,28.7
8/3/2005,26.8
8/3/2005,26.6
8/4/2005,31.8
8/4/2005,34
8/5/2005,37
8/5/2005,36.6
8/5/2005,38.1
8/5/2005,36.8
8/5/2005,36.5
8/5/2005,35.1
8/5/2005,37.6
8/5/2005,37
8/5/2005,36.7
8/5/2005,36.7
8/5/2005,35.6
8/5/2005,35.7
8/5/2005,34.3
8/5/2005,34.5
8/6/2005,9.7
8/6/2005,9.8
8/7/2005,12.7
8/7/2005,11.5
8/8/2005,29.9
8/8/2005,28
8/8/2005,30.2
8/8/2005,29.4
8/8/2005,30.2
8/8/2005,33.1
8/8/2005,23.2
8/8/2005,30.8
8/8/2005,31
8/8/2005,30.3
8/8/2005,29.5
8/8/2005,29.9
8/8/2005,30.3
8/8/2005,29.7
8/9/2005,15.5
8/9/2005,14.9
8/10/2005,10.6
8/10/2005,8.2
8/11/2005,25.4
8/11/2005,25.4
8/11/2005,25.4
8/11/2005,22.2
8/11/2005,26
8/11/2005,34.8
8/11/2005,26.6
8/11/2005,26.2
8/11/2005,27.5
8/11/2005,27.7
8/11/2005,24.7
8/11/2005,28.2
8/11/2005,31.4
8/12/2005,31.2
8/13/2005,52.4
8/14/2005,42
8/14/2005,40.4
8/14/2005,41.9
8/14/2005,39.2
8/14/2005,38.8
8/14/2005,40.7
8/14/2005,36.3
8/14/2005,40.1
8/14/2005,39.5
8/14/2005,39.7
8/14/2005,40.2
8/14/2005,37.2
8/14/2005,38.2
8/14/2005,34.5
8/15/2005,9.9
8/16/2005,11.8
8/17/2005,12.3
8/17/2005,12.7
8/17/2005,12.3
8/17/2005,12.6
8/17/2005,13.1
8/17/2005,15.8
8/17/2005,15.6
8/17/2005,15.2
8/17/2005,16.4
8/17/2005,12.8
8/17/2005,15.2
8/17/2005,12.8
8/17/2005,14.4
8/18/2005,8.1
8/18/2005,6.2
8/19/2005,11.7
8/19/2005,8.5
8/20/2005,14
8/20/2005,10.6
8/20/2005,13.4
8/20/2005,11.1
8/20/2005,12
8/20/2005,12.8
8/20/2005,12.3
8/20/2005,13.2
8/20/2005,13
8/20/2005,11.8
8/20/2005,13.7
8/20/2005,10.8
8/20/2005,14.1
8/20/2005,8.8
8/20/2005,10.2
8/21/2005,23.8
8/21/2005,21.4
8/22/2005,10.1
8/22/2005,13.2
8/23/2005,6.8
8/23/2005,5.9
8/23/2005,6.5
8/23/2005,5.5
8/23/2005,6.2
8/23/2005,5.6
8/23/2005,7.4
8/23/2005,7.9
8/23/2005,7.9
8/23/2005,7.3
8/23/2005,8.1
8/23/2005,6
8/23/2005,7
8/23/2005,10.7
8/24/2005,4.6
8/24/2005,4.3
8/25/2005,7.5
8/25/2005,6.8
8/26/2005,12.3
8/26/2005,12.3
8/26/2005,11.5
8/26/2005,10.6
8/26/2005,12
8/26/2005,11.7
8/26/2005,10.8
8/26/2005,14.2
8/26/2005,13.2
8/26/2005,12.8
8/26/2005,13.3
8/26/2005,11.1
8/26/2005,13.2
8/26/2005,10.8
8/26/2005,11.4
8/27/2005,5.8
8/27/2005,8
8/28/2005,4.5
8/28/2005,4
8/29/2005,12.8
8/29/2005,12.5
8/29/2005,13.1
8/29/2005,12.1
8/29/2005,12.2
8/29/2005,12.5
8/29/2005,11
8/29/2005,13.5
8/29/2005,13.7
8/29/2005,12
8/29/2005,12.2
8/29/2005,12.5
8/29/2005,12
8/29/2005,8.7
8/29/2005,9
8/30/2005,7.4
8/30/2005,5.4
8/31/2005,9.2
8/31/2005,7.2
9/1/2005,10.4
9/1/2005,10.1
9/1/2005,11.1
9/1/2005,9.3
9/1/2005,10.2
9/1/2005,10.3
9/1/2005,9.7
9/1/2005,11.8
9/1/2005,11.5
9/1/2005,10.3
9/1/2005,11
9/1/2005,9.7
9/1/2005,10.5
9/1/2005,10.1
9/1/2005,11.1
9/2/2005,15.6
9/2/2005,16.7
9/3/2005,5.8
9/3/2005,5.7
9/4/2005,6.9
9/4/2005,6.5
9/4/2005,6.5
9/4/2005,5.8
9/4/2005,6.5
9/4/2005,10
9/4/2005,6.1
9/4/2005,6.7
9/4/2005,6.8
9/4/2005,7.4
9/4/2005,8.1
9/4/2005,5.9
9/4/2005,8.2
9/5/2005,6.8
9/6/2005,7.9
9/7/2005,9.2
9/7/2005,7.3
9/7/2005,8.4
9/7/2005,8.1
9/7/2005,8.2
9/7/2005,8.9
9/7/2005,8.4
9/7/2005,10
9/7/2005,9.4
9/7/2005,9.2
9/7/2005,9.6
9/7/2005,7.9
9/7/2005,9
9/8/2005,22.5
9/9/2005,14.5
9/9/2005,11.9
9/10/2005,8.9
9/10/2005,8.3
9/10/2005,8.2
9/10/2005,7.7
9/10/2005,7.2
9/10/2005,10
9/10/2005,8.8
9/10/2005,10.4
9/10/2005,9.5
9/10/2005,10
9/10/2005,9.6
9/10/2005,8.8
9/10/2005,9.8
9/10/2005,7.3
9/10/2005,8
9/11/2005,6.6
9/11/2005,4.9
9/12/2005,20.9
9/13/2005,45.4
9/13/2005,42.1
9/13/2005,42.4
9/13/2005,42.3
9/13/2005,43.2
9/13/2005,44.6
9/13/2005,41.6
9/13/2005,43.5
9/13/2005,43.1
9/13/2005,41.7
9/13/2005,40.1
9/13/2005,41.8
9/13/2005,37.8
9/14/2005,15.5
9/14/2005,18.3
9/14/2005,38.3
9/15/2005,9
9/16/2005,9.5
9/16/2005,7.2
9/16/2005,9.2
9/16/2005,9.4
9/16/2005,8.7
9/16/2005,10.1
9/16/2005,9.5
9/16/2005,11
9/16/2005,10.2
9/16/2005,9.8
9/16/2005,11.8
9/16/2005,8.5
9/16/2005,10.2
9/16/2005,7.6
9/17/2005,15.6
9/18/2005,4.1
9/19/2005,15.1
9/19/2005,13.8
9/19/2005,15.6
9/19/2005,14.5
9/19/2005,15.2
9/19/2005,15.8
9/19/2005,16.3
9/19/2005,15.5
9/19/2005,15.2
9/19/2005,14.7
9/19/2005,18.2
9/19/2005,14.3
9/19/2005,15.8
9/19/2005,16.3
9/20/2005,30.2
9/21/2005,7.5
9/22/2005,14.9
9/22/2005,13.9
9/22/2005,14.9
9/22/2005,13.8
9/22/2005,14
9/22/2005,15.2
9/22/2005,14.6
9/22/2005,14.5
9/22/2005,15
9/22/2005,14.6
9/22/2005,15.4
9/22/2005,12.9
9/22/2005,15
9/22/2005,13.5
9/23/2005,17.2
9/24/2005,4.2
9/24/2005,5
9/25/2005,5.7
9/25/2005,4.6
9/25/2005,4.8
9/25/2005,6.3
9/25/2005,7.2
9/25/2005,6.4
9/25/2005,4.7
9/25/2005,7.4
9/25/2005,5.3
9/25/2005,4.8
9/25/2005,5.1
9/25/2005,4.4
9/25/2005,5.8
9/26/2005,8.1
9/27/2005,3.6
9/28/2005,6.8
9/28/2005,4.8
9/28/2005,5.9
9/28/2005,4.8
9/28/2005,5.4
9/28/2005,5.9
9/28/2005,6.4
9/28/2005,7
9/28/2005,7.5
9/28/2005,6
9/28/2005,5.5
9/28/2005,5.9
9/28/2005,4.6
9/29/2005,5
9/30/2005,5.6
10/1/2005,13.3
10/1/2005,12
10/1/2005,13.1
10/1/2005,12.2
10/1/2005,12.7
10/1/2005,13.9
10/1/2005,12.1
10/1/2005,12.5
10/1/2005,12.3
10/1/2005,11.5
10/1/2005,12.3
10/1/2005,11.5
10/1/2005,12.2
10/1/2005,11
10/1/2005,12.8
10/2/2005,18.4
10/2/2005,19.5
10/3/2005,14.9
10/3/2005,10
10/4/2005,13.4
10/4/2005,10.7
10/4/2005,12.5
10/4/2005,10.5
10/4/2005,10.7
10/4/2005,11.3
10/4/2005,11.6
10/4/2005,12.7
10/4/2005,12.3
10/4/2005,11.3
10/4/2005,10.8
10/4/2005,15
10/4/2005,7.8
10/4/2005,5
10/5/2005,18
10/5/2005,15.7
10/6/2005,14.2
10/6/2005,8.5
10/7/2005,7.5
10/7/2005,5.2
10/7/2005,6.2
10/7/2005,6.8
10/7/2005,5.9
10/7/2005,4.9
10/7/2005,6.1
10/7/2005,8.8
10/7/2005,7.8
10/7/2005,6.6
10/7/2005,9.8
10/7/2005,6
10/7/2005,7.8
10/7/2005,4.5
10/7/2005,4.2
10/8/2005,3.7
10/8/2005,3
10/9/2005,3
10/9/2005,2.6
10/10/2005,5.8
10/10/2005,3.1
10/10/2005,4.5
10/10/2005,4.6
10/10/2005,4.2
10/10/2005,4
10/10/2005,7.1
10/10/2005,6.7
10/10/2005,9.4
10/10/2005,9.2
10/10/2005,4.8
10/10/2005,9
10/10/2005,3.2
10/10/2005,4.2
10/11/2005,3.9
10/11/2005,2.3
10/12/2005,3.4
10/12/2005,2
10/13/2005,6.2
10/13/2005,3.4
10/13/2005,3.8
10/13/2005,3.7
10/13/2005,4
10/13/2005,3.4
10/13/2005,7.8
10/13/2005,7.5
10/13/2005,6.5
10/13/2005,3.2
10/13/2005,5.8
10/13/2005,4.3
10/14/2005,2.9
10/14/2005,1.6
10/15/2005,5.1
10/15/2005,5
10/16/2005,3.2
10/16/2005,3.6
10/16/2005,2.8
10/16/2005,2.9
10/16/2005,2.9
10/16/2005,2.9
10/16/2005,3.9
10/16/2005,5.9
10/16/2005,4.6
10/16/2005,3
10/16/2005,4.4
10/16/2005,3.3
10/16/2005,3.2
10/17/2005,5
10/17/2005,5.2
10/18/2005,10.1
10/18/2005,11.5
10/19/2005,12.4
10/19/2005,11.2
10/19/2005,13
10/19/2005,11.2
10/19/2005,11.6
10/19/2005,12.8
10/19/2005,14
10/19/2005,13.8
10/19/2005,12.8
10/19/2005,17.6
10/19/2005,11.2
10/19/2005,13.8
10/19/2005,11.1
10/19/2005,11.4
10/20/2005,4.9
10/20/2005,5.3
10/21/2005,13.5
10/21/2005,9.7
10/22/2005,7.2
10/22/2005,8.7
10/22/2005,7.2
10/22/2005,7.2
10/22/2005,8.7
10/22/2005,7.1
10/22/2005,8.5
10/22/2005,8.3
10/22/2005,7.6
10/22/2005,7.8
10/22/2005,6.4
10/22/2005,8.1
10/23/2005,4.1
10/24/2005,6.6
10/25/2005,7
10/25/2005,2.3
10/25/2005,3
10/25/2005,3.2
10/25/2005,3.4
10/25/2005,3.7
10/25/2005,4.4
10/25/2005,4
10/25/2005,3.6
10/25/2005,5
10/25/2005,2.5
10/25/2005,6.5
10/25/2005,2.6
10/25/2005,3.9
10/26/2005,3.8
10/26/2005,2.3
10/27/2005,6.6
10/27/2005,5.8
10/28/2005,12.1
10/28/2005,5.5
10/28/2005,5.9
10/28/2005,6.6
10/28/2005,6.6
10/28/2005,7.6
10/28/2005,6.8
10/28/2005,8.7
10/28/2005,8.5
10/28/2005,7.8
10/28/2005,7.9
10/28/2005,6.5
10/28/2005,10
10/28/2005,4.5
10/28/2005,4.9
10/29/2005,7.8
10/29/2005,5.8
10/30/2005,10.1
10/30/2005,10.5
10/31/2005,17.8
10/31/2005,17.3
10/31/2005,19.4
10/31/2005,17.9
10/31/2005,17.6
10/31/2005,18.6
10/31/2005,18.3
10/31/2005,18.6
10/31/2005,17.9
10/31/2005,15.8
10/31/2005,17
10/31/2005,16.2
10/31/2005,21.9
10/31/2005,17.5
10/31/2005,18.7
11/1/2005,20.8
11/1/2005,17.8
11/2/2005,7.2
11/2/2005,6.3
11/3/2005,13.1
11/3/2005,13.6
11/3/2005,17.4
11/3/2005,12.8
11/3/2005,13.3
11/3/2005,14.2
11/3/2005,13
11/3/2005,14.7
11/3/2005,14.8
11/3/2005,12.5
11/3/2005,14.5
11/3/2005,10.1
11/3/2005,13.6
11/3/2005,11.3
11/3/2005,11.7
11/4/2005,20.8
11/4/2005,19.2
11/5/2005,35
11/6/2005,37
11/6/2005,27.5
11/6/2005,30.7
11/6/2005,30.7
11/6/2005,31
11/6/2005,34.2
11/6/2005,32
11/6/2005,39.7
11/6/2005,38.2
11/6/2005,38
11/6/2005,37
11/6/2005,29.5
11/6/2005,36.5
11/6/2005,26.1
11/7/2005,6.5
11/8/2005,12.8
11/9/2005,15.4
11/9/2005,10.8
11/9/2005,12.6
11/9/2005,12.3
11/9/2005,13.5
11/9/2005,13.4
11/9/2005,13.2
11/9/2005,14.1
11/9/2005,13.2
11/9/2005,12.5
11/9/2005,16.8
11/9/2005,14
11/9/2005,14.5
11/9/2005,10.6
11/9/2005,10.7
11/10/2005,9.2
11/10/2005,8.8
11/11/2005,5
11/11/2005,4.7
11/12/2005,17.2
11/12/2005,15
11/12/2005,15.5
11/12/2005,15.5
11/12/2005,15.2
11/12/2005,16.9
11/12/2005,14.1
11/12/2005,16.1
11/12/2005,15.6
11/12/2005,15.1
11/12/2005,15.2
11/12/2005,15
11/12/2005,16
11/12/2005,13.2
11/13/2005,14.5
11/13/2005,12.7
11/14/2005,11.5
11/14/2005,11.8
11/15/2005,10
11/15/2005,7.1
11/15/2005,9.5
11/15/2005,7.5
11/15/2005,7.8
11/15/2005,9
11/15/2005,9.8
11/15/2005,11
11/15/2005,10.8
11/15/2005,10.9
11/15/2005,11.3
11/15/2005,8
11/15/2005,13.1
11/15/2005,5.5
11/15/2005,5.9
11/16/2005,5.4
11/16/2005,4.4
11/17/2005,5.5
11/17/2005,4.9
11/18/2005,10.3
11/18/2005,5.3
11/18/2005,5.8
11/18/2005,5.7
11/18/2005,5.8
11/18/2005,7.3
11/18/2005,7.8
11/18/2005,6.5
11/18/2005,7.3
11/18/2005,5.8
11/18/2005,8
11/18/2005,5.1
11/19/2005,19.2
11/19/2005,19.9
11/20/2005,17.8
11/20/2005,18.5
11/21/2005,36
11/21/2005,35.3
11/21/2005,37.7
11/21/2005,33.4
11/21/2005,33.7
11/21/2005,37.7
11/21/2005,31.4
11/21/2005,33.4
11/21/2005,34.1
11/21/2005,29.9
11/21/2005,30.6
11/21/2005,30.8
11/21/2005,32.6
11/21/2005,29.2
11/21/2005,30
11/22/2005,6.9
11/22/2005,5.8
11/23/2005,4.5
11/23/2005,3.4
11/24/2005,8.8
11/24/2005,6.7
11/24/2005,7.3
11/24/2005,7
11/24/2005,7.1
11/24/2005,8
11/24/2005,5.6
11/24/2005,8.5
11/24/2005,8.5
11/24/2005,6.3
11/24/2005,7.1
11/24/2005,7.4
11/24/2005,7.8
11/24/2005,5.8
11/24/2005,8.7
11/25/2005,6.3
11/25/2005,6.9
11/26/2005,14.9
11/27/2005,27.2
11/27/2005,23.1
11/27/2005,26.1
11/27/2005,22.5
11/27/2005,23.7
11/27/2005,25.8
11/27/2005,17.6
11/27/2005,20.8
11/27/2005,21
11/27/2005,18.5
11/27/2005,19.1
11/27/2005,21.5
11/27/2005,18.2
11/27/2005,17.8
11/28/2005,14.5
11/29/2005,8.5
11/29/2005,6.7
11/30/2005,6.3
11/30/2005,8
11/30/2005,7.8
11/30/2005,7.5
11/30/2005,8.4
11/30/2005,7.8
11/30/2005,9.8
11/30/2005,10.2
11/30/2005,8
11/30/2005,10.2
11/30/2005,7.1
11/30/2005,9.1
11/30/2005,7.7
12/1/2005,7.9
12/1/2005,6.7
12/2/2005,7.5
12/2/2005,7.8
12/3/2005,5.5
12/3/2005,7.5
12/3/2005,6.1
12/3/2005,6.3
12/3/2005,6.9
12/3/2005,7.6
12/3/2005,8.7
12/3/2005,8.8
12/3/2005,7.5
12/3/2005,8.5
12/3/2005,6.2
12/3/2005,10
12/4/2005,14.3
12/4/2005,18.8
12/5/2005,16.9
12/6/2005,14.2
12/6/2005,24.3
12/6/2005,14.4
12/6/2005,14.8
12/6/2005,16.5
12/6/2005,16.3
12/6/2005,19.5
12/6/2005,19.2
12/6/2005,17.7
12/6/2005,17.9
12/6/2005,14.9
12/6/2005,18.5
12/7/2005,11.9
12/8/2005,8.8
12/9/2005,18
12/9/2005,14
12/9/2005,15.9
12/9/2005,14.8
12/9/2005,14.8
12/9/2005,21.6
12/9/2005,14.9
12/9/2005,18.7
12/9/2005,19.2
12/9/2005,16.3
12/9/2005,20.7
12/9/2005,14.5
12/9/2005,18.5
12/9/2005,11.7
12/9/2005,21.1
12/10/2005,26.7
12/10/2005,24.6
12/11/2005,27.5
12/12/2005,15.6
12/12/2005,16.2
12/12/2005,14.2
12/12/2005,14.1
12/12/2005,16.1
12/12/2005,16.1
12/12/2005,16.7
12/12/2005,15.5
12/12/2005,13.2
12/12/2005,17.2
12/13/2005,9.1
12/13/2005,8
12/13/2005,9.2
12/13/2005,10.1
12/13/2005,7.2
12/13/2005,7.8
12/14/2005,10.9
12/14/2005,8.2
12/15/2005,23.6
12/15/2005,17.5
12/15/2005,18
12/15/2005,19.9
12/15/2005,19.9
12/15/2005,21.3
12/15/2005,20.9
12/15/2005,23.4
12/15/2005,22.9
12/15/2005,22.8
12/15/2005,23.3
12/15/2005,19.8
12/15/2005,27.5
12/15/2005,15.9
12/16/2005,7.9
12/16/2005,6.9
12/17/2005,13.2
12/17/2005,13.6
12/18/2005,23.2
12/18/2005,28
12/18/2005,24.8
12/18/2005,19.2
12/18/2005,22.2
12/18/2005,21.4
12/18/2005,20.2
12/18/2005,23.8
12/18/2005,21.6
12/18/2005,22
12/18/2005,20.8
12/18/2005,23
12/18/2005,23.4
12/18/2005,21.1
12/18/2005,24.5
12/19/2005,15.5
12/19/2005,15.3
12/20/2005,17.9
12/20/2005,17.3
12/21/2005,22.2
12/21/2005,21.4
12/21/2005,18.3
12/21/2005,20.3
12/21/2005,39.9
12/21/2005,21.5
12/21/2005,26.2
12/21/2005,25.2
12/21/2005,20.8
12/21/2005,38.2
12/21/2005,25.6
12/21/2005,23.9
12/21/2005,22.2
12/21/2005,23.7
12/22/2005,23.9
12/22/2005,25.2
12/23/2005,25.7
12/24/2005,30.5
12/24/2005,29
12/24/2005,32.2
12/24/2005,25.8
12/24/2005,26.9
12/24/2005,29.5
12/24/2005,29.6
12/24/2005,29
12/24/2005,25.3
12/24/2005,27.3
12/24/2005,26.2
12/24/2005,30.1
12/24/2005,28.9
12/24/2005,29.9
12/25/2005,33.5
12/25/2005,26.7
12/26/2005,13.9
12/26/2005,10.1
12/27/2005,8.7
12/27/2005,8.7
12/27/2005,10.3
12/27/2005,8.7
12/27/2005,8
12/27/2005,9.4
12/27/2005,11.7
12/27/2005,11
12/27/2005,8.9
12/27/2005,9.7
12/27/2005,8.4
12/27/2005,10.2
12/27/2005,8.5
12/27/2005,8.7
12/28/2005,18.5
12/28/2005,16.9
12/29/2005,16.4
12/29/2005,12
12/30/2005,7.8
12/30/2005,7.4
12/30/2005,7.2
12/30/2005,5.4
12/30/2005,6.8
12/30/2005,6.4
12/30/2005,9.5
12/30/2005,7.1
12/30/2005,7.2
12/30/2005,6.2
12/30/2005,8.4
12/30/2005,5.9
12/30/2005,5.5
12/31/2005,14.3
12/31/2005,12.7
